Countries,Average Life Expectancy Age 1800-1900,Average Life Expectancy Age 1901-2001,Average Life Expectancy Age 2002-2016,Average Life Expectancy Age Over 216 Years,Year,Age (CAN),Age (IND),Age (AUS),Age (BRZ),Age (CHN),Age (FRN),Age (GRM),Age (ITL),Age (JPN),Age (MEX),Age (RUS),Age (SPN),Age (SWZ),Age (UK),Age (US)
Australia,36,67,81,54,1800,39,25.4424,34.049999,32,32,33.967171,38.369999,29.690001,36.400002,26.9,29.573458,29.5,38,38.649761,39.41
Brazil,31,48,73,42,1801,39.001495,25.4424,34.049999,31.999807,32,36.374649,38.369999,29.690001,36.400398,26.9,29.573458,29.5,38,37.350822,39.41
Canada,41,66,80,55,1802,39.002995,25,34.049999,31.999613,32,34.379993,38.369999,29.690001,36.400795,26.9,29.573458,29.5,38,38.615601,39.41
China,31,46,73,41,1803,39.00449,24,34.049999,31.99942,32,30.642622,38.369999,29.690001,36.401192,26.9,29.573458,29.5,38,37.316845,39.41
France,39,63,81,53,1804,39.005985,23.5,34.049999,31.999228,32,29.381762,38.369999,29.690001,36.401588,26.9,29.573458,29.5,38,41.436916,39.41
Germany,38,62,79,52,1805,39.007484,25.4424,34.049999,31.999033,32,34.87632,38.369999,29.690001,36.401989,26.9,29.573458,29.5,38,42.317261,39.41
India,24,39,65,34,1806,39.00898,25.4424,34.049999,31.99884,32,35,38.369999,29.690001,36.402386,26.9,29.573458,29.5,38,43.216114,39.41
Italy,31,61,81,49,1807,39.010479,25.4424,34.049999,31.998646,32,34.200001,38.369999,29.690001,36.402782,26.9,29.573458,29.5,38,40.04594,39.41
Japan,36,59,82,50,1808,39.011974,25.4424,34.049999,31.998453,32,34.5,38.369999,29.690001,36.403179,26.9,29.573458,29.5,38,40.347794,39.41
Mexico,26,49,75,40,1809,39.01347,25.4424,34.049999,31.99826,32,35,38.369999,29.690001,36.40358,26.9,29.573458,29.5,38,41.742203,39.41
Russia,29,50,68,41,1810,39.014969,25.4424,34.049999,31.998066,32,37.400002,38.369999,29.690001,36.403976,26.9,29.573458,29.5,38,38.347382,39.41
Spain,29,60,81,47,1811,39.016464,25.4424,34.049999,31.997873,32,36.099998,38.369999,29.690001,36.404373,26.9,29.573458,29.5,38,39.887272,39.41
Switzerland,39,66,82,55,1812,39.01796,23,34.049999,31.997681,32,31.700001,38.369999,29.690001,36.40477,26.9,29.573458,29.5,38,41.826324,39.41
United Kingdom,42,65,79,55,1813,39.019459,25.4424,34.049999,31.997486,32,31.200001,38.369999,29.690001,36.405167,26.9,29.573458,29.5,38,43.038368,39.41
United States,40,65,78,54,1814,39.020954,25.4424,34.049999,31.997293,32,30.1,38.369999,29.690001,36.405567,26.9,29.573458,29.5,38,40.241531,39.41
,,,,,1815,39.022453,25.4424,34.049999,31.997101,32,36.5,38.369999,29.690001,36.405964,26.9,29.573458,29.5,38,41.131779,39.41
,,,,,1816,39.023949,25.4424,34.049999,31.996906,32,40.040001,38.369999,29.690001,36.406361,26.9,29.573458,29.5,38,39.938316,39.41
,,,,,1817,39.025444,25.4424,34.049999,31.996714,32,39.18,38.369999,29.690001,36.406757,26.9,29.573458,29.5,38,41.040718,39.41
,,,,,1818,39.026943,25.4424,34.049999,31.996519,32,38.529999,38.369999,29.690001,36.407154,26.9,29.573458,29.5,38,39.847767,39.41
,,,,,1819,39.028439,25.4424,34.049999,31.996326,32,37.25,38.369999,29.690001,36.407555,26.9,29.573458,29.5,38,40.51926,39.41
,,,,,1820,39.029934,25.4424,34.049999,31.996134,32,39.209999,38.369999,29.690001,36.407951,26.9,29.573458,29.5,38,41.312477,39.41
,,,,,1821,39.031433,25.4424,34.049999,31.995939,32,39.830002,38.369999,29.690001,36.408348,26.9,29.573458,29.5,38,41.780403,39.41
,,,,,1822,39.032928,25.4424,34.049999,31.995747,32,38.299999,38.369999,29.690001,36.408745,26.9,29.573458,29.5,38,41.349724,39.41
,,,,,1823,39.034428,25.4424,34.049999,31.995554,32,39.970001,38.369999,29.690001,36.409142,26.9,29.573458,29.5,38,40.048023,39.41
,,,,,1824,39.035923,25.4424,34.049999,31.995359,32,39.139999,38.369999,29.690001,36.409542,26.9,29.573458,29.5,38,39.192757,39.41
,,,,,1825,39.037418,25.4424,34.049999,31.995167,32,38.529999,38.369999,29.690001,36.409939,26.9,29.573458,29.5,38,39.939877,39.41
,,,,,1826,39.038918,25.4424,34.049999,31.994974,32,37.759998,38.369999,29.690001,36.410336,26.9,29.573458,29.5,38,39.830349,39.41
,,,,,1827,39.040413,25.4424,34.049999,31.99478,32,39.349998,38.369999,29.690001,36.410732,26.9,29.573458,29.5,38,41.138859,39.41
,,,,,1828,39.041908,25.4424,34.049999,31.994587,32,37.529999,38.369999,29.690001,36.411133,26.9,29.573458,29.5,38,42.032665,39.41
,,,,,1829,39.043407,25.4424,34.049999,31.994392,32,39.360001,38.369999,29.690001,36.41153,26.9,29.573458,29.5,38,41.558071,39.41
,,,,,1830,39.044903,25.4424,34.049999,31.9942,32,39.560001,38.369999,29.690001,36.411926,26.9,29.573458,29.5,38,43.018311,39.41
,,,,,1831,39.046398,25.4424,34.049999,31.994007,32,39.650002,38.369999,29.690001,36.412323,26.9,29.573458,29.5,38,40.843559,39.41
,,,,,1832,39.173481,23,34.049999,31.993813,32,35.810001,38.369999,29.690001,36.41272,26.9,29.573458,29.5,38,40.163628,39.41
,,,,,1833,39.30056,22,34.049999,31.99362,32,38.830002,38.369999,29.690001,36.41312,26.9,29.573458,29.5,38,41.349632,39.41
,,,,,1834,39.427639,25.4424,34.049999,31.993427,32,35.009998,38.369999,29.690001,36.413517,26.9,29.573458,29.5,38,40.783878,39.41
,,,,,1835,39.554722,25.4424,34.049999,31.993233,32,39.48,38.369999,29.690001,36.413914,26.9,29.573458,29.5,38,41.104195,39.41
,,,,,1836,39.681801,25.4424,34.049999,31.99304,32,41.950001,38.369999,29.690001,36.41431,26.9,29.573458,29.5,38,41.427021,39.41
,,,,,1837,39.80888,24.299999,34.049999,31.992847,32,39.380001,38.369999,29.690001,36.414707,26.9,29.573458,29.5,38,40.203598,39.41
,,,,,1838,39.935959,23.9,34.049999,31.992653,32,39.330002,38.369999,29.690001,36.415108,26.9,29.573458,29.5,38,40.301132,39.41
,,,,,1839,40.063042,25.4424,34.049999,31.99246,32,40.91,38.369999,29.690001,36.415504,26.9,29.573458,29.5,38,40.879307,39.41
,,,,,1840,40.190121,25.4424,34.049999,31.992268,32,40.369999,38.369999,29.690001,36.415901,26.9,29.573458,29.5,38,39.927151,39.41
,,,,,1841,40.3172,25.4424,34.049999,31.992073,32,40.68,38.369999,29.690001,36.416298,26.9,29.573458,29.5,38,41.700001,39.41
,,,,,1842,40.391449,25.4424,34.049999,31.99188,32,40.009998,38.369999,29.690001,36.416698,26.9,29.573458,29.5,38,41.349998,39.41
,,,,,1843,40.465694,25.4424,34.049999,31.991686,32,40.75,38.369999,29.690001,36.417095,26.9,29.573458,29.5,38,41.860001,39.41
,,,,,1844,40.539944,25.4424,34.049999,31.991493,32,42.290001,38.369999,29.690001,36.417492,26.9,29.573458,29.5,38,41.549999,39.41
,,,,,1845,40.614193,25.4424,34.049999,31.991301,32,43.580002,38.369999,29.690001,36.417889,26.9,29.573458,29.5,38,42.560001,39.41
,,,,,1846,40.688438,25.4424,34.049999,31.991106,32,40.669998,38.369999,29.690001,36.418285,26.9,29.573458,29.5,38,39.959999,39.41
,,,,,1847,40.762688,25.4424,34.049999,31.990913,32,40.41,38.369999,29.690001,36.418686,26.9,29.573458,29.5,38,38.330002,39.41
,,,,,1848,40.836937,25.4424,34.049999,31.990721,32,40.290001,38.369999,29.690001,36.419083,26.9,18,29.5,38,39.5,39.41
,,,,,1849,40.911182,25.4424,34.049999,31.990526,32,35.91,38.369999,29.690001,36.419479,26.9,29.573458,29.5,38,37.380001,39.41
,,,,,1850,40.985432,25.4424,34.049999,31.990334,32,43.279999,38.369999,29.690001,36.419876,26.9,29.573458,29.5,38,42.799999,39.41
,,,,,1851,41.059681,25.4424,34.049999,31.990141,31,41.77,38.369999,29.690001,36.420273,26.9,29.573458,29.5,38,41.419998,39.41
,,,,,1852,41.113216,25.4424,34.049999,31.989946,30,41.32,38.369999,29.690001,36.420673,26.9,29.573458,29.5,38,40.93,39.41
,,,,,1853,41.166752,25.4424,34.049999,31.989754,29,42.52,38.369999,29.690001,36.42107,26.9,29.5,29.5,38,40.560001,39.41
,,,,,1854,41.220287,25.4424,34.049999,31.989559,28,36.130001,38.369999,29.690001,36.421467,26.9,27.5,29.5,38,39.34,39.41
,,,,,1855,41.273823,25.4424,34.049999,31.989367,27,37.540001,38.369999,29.690001,36.421864,26.9,27.5,29.5,38,41.029999,39.41
,,,,,1856,41.327358,25.4424,34.049999,31.989174,26,40.18,38.369999,29.690001,36.42226,26.9,29,29.5,38,43.25,39.41
,,,,,1857,41.380898,25.4424,34.049999,31.988979,26.7125,39.59,38.369999,29.690001,36.422661,26.9,29.573458,29.5,38,41.880001,39.41
,,,,,1858,41.434433,25.4424,34.049999,31.988787,27.424999,39.669998,38.369999,29.690001,36.423058,26.9,29.573458,29.5,38,40.040001,39.41
,,,,,1859,41.487968,25.4424,34.049999,31.988594,28.137501,35.259998,38.369999,29.690001,36.423454,26.9,29.573458,29.5,38,40.84,39.41
,,,,,1860,41.541504,23,34.049999,31.9884,28.85,43.330002,38.369999,29.690001,36.423851,26.9,29.573458,29.5,38,43.009998,39.41
,,,,,1861,41.595039,22,34.049999,31.988207,29.5625,40.450001,38.369999,29.690001,36.424252,26.9,29.573458,29.5,38,42.380001,38
,,,,,1862,41.691216,25.4424,34.049999,31.988014,30.275,42.700001,38.369999,29.690001,36.424648,26.9,29.573458,29.5,38,42.52,34.5
,,,,,1863,41.787392,25.4424,34.049999,31.98782,30.987499,41.73,38.369999,29.690001,36.425045,26.9,29.573458,29.5,38,40.400002,34
,,,,,1864,41.883568,25.252296,34.049999,31.987627,31.700001,42.009998,38.369999,29.690001,36.425442,26.9,29.573458,29.5,38,39.970001,31
,,,,,1865,41.979744,25.252296,34.049999,31.987432,31.742857,40.16,38.369999,29.690001,36.425838,26.9,29.573458,29.5,38,40.650002,38
,,,,,1866,42.07592,21.039825,34.049999,31.98724,31.785715,41.830002,38.369999,29.690001,36.459202,26.9,29.573458,29.5,38,40.41,39.41
,,,,,1867,42.172096,25.252296,34.049999,31.987047,31.828571,42.330002,38.369999,29.690001,36.492561,26.9,29.573458,29.5,38,42.619999,39.41
,,,,,1868,42.268272,25.252296,34.049999,31.986853,31.871429,40.23,38.369999,29.690001,36.525921,26.9,27.851233,29.5,38,42,39.41
,,,,,1869,42.364449,21.304474,34.049999,31.98666,31.914286,41.139999,38.369999,29.690001,36.55928,26.9,27.934912,29.5,38,41.669998,39.41
,,,,,1870,42.460625,25.4424,34.049999,31.986467,31.957144,36.41,38.369999,29.690001,36.59264,26.9,31.120827,29.5,38,40.950001,39.41
,,,,,1871,42.556801,25.4424,34.579216,31.986273,32,29.59,38.369999,29.690001,36.633999,26.9,28.103025,29.5,38,41.310001,39.41
,,,,,1872,42.774097,25.4424,35.108433,31.98608,32,42.639999,38.369999,29.690001,36.675362,26.9,25.916433,29.5,38,42.900002,39.41
,,,,,1873,42.99139,25.4424,35.637646,31.985888,32,41.75,38.369999,31.6,36.716721,26.9,29.484869,29.5,38,43.779999,39.41
,,,,,1874,43.208687,25.4424,36.166862,31.985693,32,44.299999,38.369999,31.75,36.75808,26.9,30.474104,29.5,38,42.130001,39.41
,,,,,1875,43.425983,25.110001,36.696079,31.9855,32,43.169998,38.369999,31.309999,36.799438,26.9,31.120827,29.5,38,41.849998,39.41
,,,,,1876,43.64328,20,37.225296,31.985306,29.5,43.549999,38.477001,33.599998,36.846848,26.9,30.93466,29.5,40.099998,43.689999,39.41
,,,,,1877,43.860577,19,37.754509,31.985113,27.5,44.330002,38.584,34.880001,36.894257,26.9,31.308113,29.5,40.009998,44.700001,39.41
,,,,,1878,44.077873,20,38.283726,31.984921,25.200001,43.360001,38.691002,34.32,36.941666,26.9,27.767805,29.5,40.470001,43.009998,39.41
,,,,,1879,44.29517,25.4424,38.812943,31.984726,28.5,43.990002,38.798,33.950001,36.989071,26.9,30.841995,29.5,41.810001,44.27,39.41
,,,,,1880,44.512463,25.4424,39.342155,31.984533,32,42.73,38.904999,32.740002,37.03648,26.9,30.201067,29.5,42.41,43.779999,39.41
,,,,,1881,44.729759,25.4424,39.871372,31.984341,32,43.549999,39.012001,34.200001,37.094864,26.9,32.164948,29.5,41.869999,46.110001,39.990002
,,,,,1882,44.7742,25.3248,40.400589,31.984146,32,43.16,39.118999,34.290001,37.153248,26.9,26.705706,29.5,42.98,44.869999,40.57
,,,,,1883,44.818642,25.207199,40.929806,31.983953,32,43.279999,39.226002,35.18,37.211632,26.9,29.045897,29.76,44.939999,45.09,41.150002
,,,,,1884,44.863079,25.0896,41.459019,31.983761,32,42.52,39.333,36.599998,37.270016,26.9,32.749157,30.02,45,44.790001,41.73
,,,,,1885,44.90752,24.972,41.988235,31.983566,32,43.970001,39.439999,36.830002,37.3284,26.9,30.841995,30.280001,43.830002,45.759998,42.310001
,,,,,1886,44.951962,24.854401,42.517452,31.983374,32,43.169998,39.734001,35.099998,37.397858,26.9,34.256531,30.540001,44.68,45.330002,42.889999
,,,,,1887,44.996399,24.736799,43.046665,31.983179,32,43.75,40.028,35.970001,37.467312,26.9,33.244099,30.799999,45.439999,45.650002,43.470001
,,,,,1888,45.04084,24.417561,43.575882,31.982986,32,44.150002,40.321999,36.919998,37.53677,26.9,33.144516,31.059999,45.970001,46.810001,44.049999
,,,,,1889,45.085281,24.300924,44.105099,31.982794,32,45.560001,40.616001,39.049999,37.606224,26.9,31.027603,31.32,45.139999,46.34,44.630001
,,,,,1890,45.129719,24.384001,44.634315,31.982599,32,43.360001,40.91,38.5,37.675678,26.9,29.930477,31.58,44.950001,44.75,45.209999
,,,,,1891,45.17416,23.025278,45.163528,31.982407,32,44.110001,41.203999,38.459999,37.760113,25.696667,26.387152,31.84,44.709999,44.290001,45.581818
,,,,,1892,45.520191,22.654757,45.692745,31.982214,32,43.57,41.498001,38.84,37.844543,24.493334,21.261061,32.099998,47.23,45.509998,45.953636
,,,,,1893,45.866222,24.110241,46.221962,31.982019,32,43.599998,41.792,39.790001,37.928974,23.290001,27.601696,32.4375,46.07,44.869999,46.325455
,,,,,1894,46.212257,24.03216,46.751175,31.981827,32,45.529999,42.085999,39.91,38.013409,26.620001,28.103025,32.775002,45.790001,48.34,46.697273
,,,,,1895,46.558289,23.950001,47.280392,31.981634,32,45.200001,42.380001,39.610001,38.097839,29.52,26.947142,33.112499,46.84,45.73,47.069092
,,,,,1896,46.90432,22.75,47.809608,31.98144,32,47.560001,42.687,40.700001,38.198273,28.799999,28.27215,33.450001,48.880001,47.41,47.44091
,,,,,1897,47.250351,19.85,48.338825,31.981247,32,47.93,42.993999,43.290001,38.298702,26.24,30.474104,33.787498,49.099998,47.23,47.812729
,,,,,1898,47.596382,25.75,48.868038,31.981052,32,45.990002,43.300999,42.330002,38.399136,27.030001,27.934912,34.125,48.200001,46.98,48.184544
,,,,,1899,47.942417,23.35,49.397255,31.98086,32,45.23,43.608002,43.669998,38.499569,24.98,31.591158,34.462502,49.290001,46.130001,48.556362
,,,,,1900,48.288448,18.35,49.926472,31.980667,32,45.080002,43.915001,41.66,38.599998,27.58,30.749607,34.799999,47.48,46.32,48.928181
,,,,,1901,48.63448,23.049999,50.455685,31.980473,32,47.009998,44.222,43.52,38.724384,26.65,29.045897,35.631248,48.939999,47.91,49.299999
,,,,,1902,49.022095,23.6,50.984901,31.98028,32,48.009998,44.528999,42.990002,38.848766,28.370001,29.84082,36.462502,50.41,49.080002,50.5
,,,,,1903,49.409714,23.417761,51.514118,31.980087,32,48.43,44.835999,43.150002,38.973152,28.68,31.781273,37.293751,50.029999,50.43,50.599998
,,,,,1904,49.797329,22,52.043335,31.979893,32,48.080002,45.143002,44.43,39.097534,29.09,32.164948,38.125,49.16,49.110001,49.599998
,,,,,1905,50.184944,21.9,52.572548,31.9797,32,48.360001,45.450001,43.939999,39.22192,26.799999,30.474104,38.956249,49.669998,50.860001,50.299999
,,,,,1906,50.572559,21.886934,53.101765,31.979507,32,47.740002,46.041668,45.09,39.372257,27.879999,31.972534,39.787498,50.720001,50.580002,50.099998
,,,,,1907,50.960175,19.238894,53.630981,31.979313,32,48.279999,46.633335,45.450001,39.522591,27.969999,33.645432,40.618752,51.189999,51.439999,50.200001
,,,,,1908,51.347794,23.248159,54.160194,31.97912,32,49.299999,47.224998,43.189999,39.672928,28.719999,33.645432,41.450001,52.259998,51.84,51.900002
,,,,,1909,51.735409,23.214239,54.689411,31.978928,32,50.009998,47.816666,44.669998,39.823265,29.209999,32.358517,41.060001,51.610001,52.52,52.799999
,,,,,1910,52.123024,23.180321,55.218628,31.978733,32,51.369999,48.408333,46.75,39.973598,27.41,31.402178,40.919998,52.91,53.990002,51.799999
,,,,,1911,52.510639,23.1464,55.747845,31.97854,32,48.169998,49,44.77,40.158768,27.842501,35.088634,39.799999,51.720001,51.540001,53.400002
,,,,,1912,52.961575,23.338577,56.277058,31.978346,32,51.619999,49.591667,48.98,40.343937,28.275,35.512234,43.529999,54.419998,54.549999,54.099998
,,,,,1913,53.412514,23.530756,56.806274,31.978153,32,51.349998,50.183334,48.459999,40.529102,28.7075,33.343979,42.560001,54.209999,53.830002,53.5
,,,,,1914,53.863449,23.722933,57.335491,31.977961,32,37.849998,46.176483,49.889999,40.714272,29.139999,33,42.84,55.130001,51.990002,54.599998
,,,,,1915,54.314384,23.915112,57.864704,31.977766,32,35.630001,40.525562,42.34,40.899441,29.5725,31.5,43.049999,55.950001,48.200001,55.099998
,,,,,1916,54.76532,24.107288,58.393921,31.977573,32,39.509998,38.988819,39.27,41.128414,30.004999,31.5,43.98,56.59,47.73,54.200001
,,,,,1917,55.216255,24.299467,58.923138,31.977381,32,42.599998,40.080376,37.689999,41.357391,30.4375,29,42.630001,55.810001,45.57,54
,,,,,1918,47.169968,8.1088362,54.802391,26.978191,22.409521,34.34,32.936821,25.620001,32.69595,18.186424,23,30.290001,46.299999,40.43,47.200001
,,,,,1919,56.11813,24.578934,59.981567,31.976994,32,47.52,48.32066,42.099998,41.815346,31.3025,25,41.119999,54.970001,54.119999,55.299999
,,,,,1920,56.569065,24.718666,60.510784,31.976801,32,51.599998,53.5,45.509998,42.044319,31.735001,20.5,39.310001,54.380001,56.599998,55.400002
,,,,,1921,57.02,24.8584,61.040001,31.97912,32,52.689999,55.014286,49.25,42.330318,32.1675,23.799999,42.029999,57.869999,58.349998,58.200001
,,,,,1922,57.02,25.304001,62.889999,31.98144,32,54.919998,55.615715,50.009998,42.616322,32.599998,24.700001,44.209999,58.5,57.130001,58.099998
,,,,,1923,57.02,25.749599,61.73,31.983761,32,54.650002,56.217144,51.450001,43.22493,33.5,33.599998,44.75,60.040001,59.400002,57.5
,,,,,1924,58.830002,26.1952,62.529999,31.98608,32,55.27,56.818573,51.509998,43.833534,32.799999,36.099998,46.299999,59.490002,58.169998,58.5
,,,,,1925,59.310001,26.6408,63.220001,31.9884,32,54.389999,57.419998,51.310001,44.442142,32.099998,35.200001,46.950001,59.950001,58.509998,58.5
,,,,,1926,57.990002,27.086399,62.939999,31.990721,32.360001,54.029999,57.827999,50.959999,45.050751,34.200001,38.400002,47.759998,60.639999,59.66,57.900002
,,,,,1927,58.68,27.532,62.91,31.99304,25.65,55.799999,58.236,52.580002,45.659359,40.299999,37.5,48.490002,60.099998,59.040001,59.400002
,,,,,1928,58.57,27.9776,62.959999,31.995359,33.080002,55.439999,58.644001,52.669998,45.98225,34.5,38.900002,48.669998,60.470001,59.990002,58.299999
,,,,,1929,57.970001,28.423201,63.150002,31.997681,29.85,54.27,59.051998,52.290001,46.305141,35.400002,37.400002,49.490002,60.169998,57.709999,58.5
,,,,,1930,58.950001,28.868799,64.959999,32,33.799999,56.869999,59.459999,55.200001,46.628029,36.200001,36.5,49.34,61.43,60.889999,59.599998
,,,,,1931,60.360001,29.3144,65.389999,32.464073,34.200001,56.93,59.868,54.779999,46.95092,37.700001,35,49.25,61.240002,60.110001,60.299999
,,,,,1932,61.43,29.642241,65.690002,32.928143,34.599998,57.259998,60.276001,54.77,47.273811,38.400002,32.799999,51.200001,61.23,60.630001,61
,,,,,1933,62.360001,29.970079,65.519997,33.392216,35,57.700001,60.683998,56.290001,47.596699,37.299999,17.35,51.599998,62.41,60.669998,60.959999
,,,,,1934,62.77,30.29792,64.879997,33.856289,35.400002,58.360001,61.091999,56.860001,47.91959,38.200001,38.200001,52.240002,62.889999,61.400002,60.290001
,,,,,1935,62.490002,30.625759,65.150002,34.320358,35.799999,58.32,61.5,56.220001,48.242481,40.400002,39.599998,52.720001,62.130001,62.049999,60.939999
,,,,,1936,62.720001,30.9536,65.269997,34.784431,36.200001,58.810001,61.786667,56.75,48.621239,38.299999,41.099998,50.900002,63.18,61.849998,60.400002
,,,,,1937,61.349998,31.281441,65.830002,35.248505,34,59.169998,62.073334,55.490002,49,36.799999,39.900002,47.220001,63.509998,61.880001,61.099998
,,,,,1938,63.310001,31.60928,65.870003,35.712578,33.86343,58.970001,62.360001,56.130001,49,39.400002,41.400002,47.529999,63.849998,63.299999,62.43
,,,,,1939,63.740002,31.93712,65.82,36.176647,34.11343,59.619999,61,57.639999,49,45.5,43.599998,47.09,64.010002,63.689999,63.119999
,,,,,1940,64.010002,32.264961,66.260002,36.64072,34.36343,49.450001,60.659874,56.950001,49,39.200001,41.200001,48.389999,63.580002,60.970001,63.279999
,,,,,1941,63.759998,32.5928,66.139999,37.772575,34,57.669998,59,54.619999,48.75,42.599998,23,47.16,64.980003,61.369999,63.84
,,,,,1942,64.699997,32.841377,65.879997,38.90443,32,57.439999,55,52.450001,48.5,39.799999,18,52.48,65.650002,63.990002,64.629997
,,,,,1943,64.610001,32.099751,66.400002,40.036289,29,53.330002,49.700001,49.189999,46,42.799999,16,54.849998,65.839996,64.010002,64.339996
,,,,,1944,65.349998,32.596069,68.029999,41.168144,35,47.189999,37,52.34,40,43.200001,27,56.25,64.879997,64.849998,65.129997
,,,,,1945,66.330002,33.587112,68.459999,42.299999,37,54.959999,29,54.779999,30.5368,44.200001,34,57.84,65.419998,65.849998,65.629997
,,,,,1946,66.529999,33.83569,67.980003,43.848,38.5,62.380001,60.51136,58.970001,46.5,44.799999,46.099998,57.57,66.07,66.470001,66.330002
,,,,,1947,66.779999,32.378502,68.589996,45.396,39.599998,63.98,62.10952,61.18,51.75,46.299999,40.400002,59.330002,66.260002,66.440002,66.730003
,,,,,1948,67.330002,34.08567,68.510002,46.944,40.099998,65.830002,63.70768,63.450001,56.889999,48.299999,52.200001,61.27,67.339996,68.5,67.300003
,,,,,1949,67.650002,34.581421,69.129997,48.492001,40.599998,64.919998,65.30584,64.110001,57.759998,45.799999,55,61.02,67.970001,68.190002,67.68
,,,,,1950,68.279999,34.830002,69.019997,50.040001,41.589882,66.389999,66.903999,65.769997,59.299999,48.556,57.299999,61.869999,68.940002,68.699997,68.120003
,,,,,1951,68.550003,35.167,68.720001,50.279999,42.579762,66.120003,67.066002,65.309998,60.990002,49.115002,57.799999,61.52,68.709999,68.300003,68.220001
,,,,,1952,68.75,35.842999,69.120003,50.763,43.569641,67.410004,67.385002,65.940002,63.029999,50.209999,58.200001,64.940002,69.620003,69.599998,68.440002
,,,,,1953,69.129997,36.521999,69.699997,51.248001,44.559521,67.339996,67.692001,66.580002,63.369999,51.254002,59,65.809998,69.529999,69.870003,68.790001
,,,,,1954,69.989998,37.203999,69.849998,51.737,46.465599,68.209999,67.987999,67.900002,64.610001,52.247002,61,67.010002,70,70.239998,69.580002
,,,,,1955,70.050003,37.889,70.169998,52.23,48.02216,68.470001,68.271004,68.25,65.769997,53.189999,63.400002,66.779999,70.080002,70.209999,69.629997
,,,,,1956,70.040001,38.577999,70.050003,52.724998,50.445278,68.5,68.562447,67.639999,65.629997,54.081001,64.900002,66.82,70.209999,70.480003,69.709999
,,,,,1957,69.959999,39.271,70.330002,53.222,50.548962,68.93,68.480408,67.809998,65.5,54.918999,64,66.660004,70.559998,70.599998,69.489998
,,,,,1958,70.620003,39.969002,70.879997,53.720001,50.158401,70.160004,69.220451,68.870003,67.120003,55.702,66.900002,68.849998,71.300003,70.779999,69.760002
,,,,,1959,70.660004,40.674999,70.449997,54.214001,38.40448,70.190002,69.327461,69.32,67.510002,56.424,67.650002,68.769997,71.459999,70.879997,69.980003
,,,,,1960,71.040001,41.390999,70.889999,54.702,31.63176,70.400002,69.245232,69.209999,67.800003,57.083,68.669998,69.269997,71.440002,71.099998,69.910004
,,,,,1961,71.269997,42.118999,71.160004,55.179001,34.104481,70.980003,69.836433,69.849998,68.449997,57.674,68.919998,69.660004,71.760002,70.849998,70.32
,,,,,1962,71.300003,42.860001,70.93,55.643002,44.501362,70.510002,70.004387,69.239998,68.730003,58.199001,68.580002,69.690002,71.32,70.919998,70.209999
,,,,,1963,71.309998,43.612999,70.989998,56.091,51.89912,70.360001,70.092888,69.349998,69.809998,58.661999,69.050003,69.849998,71.309998,70.830002,70.040001
,,,,,1964,71.690002,44.375,70.650002,56.521,53.320721,71.32,70.6511,70.400002,70.279999,59.076,69.849998,70.580002,72.199997,71.620003,70.330002
,,,,,1965,71.790001,45.140999,70.980003,56.935001,55.646801,71.150002,70.634499,70.269997,70.330002,59.453999,69.440002,70.989998,72.330002,71.610001,70.410004
,,,,,1966,71.919998,45.903,70.82,57.334,56.8032,71.559998,70.748108,71.019997,71.139999,59.813999,69.510002,71.25,72.470001,71.529999,70.43
,,,,,1967,72.129997,46.654999,71.099998,57.722,58.381119,71.550003,70.969948,71.059998,71.43,60.172001,69.300003,71.440002,72.769997,72.160004,70.760002
,,,,,1968,72.290001,47.394001,70.730003,58.105,59.405201,71.540001,70.615448,70.879997,71.75,60.542999,69.260002,71.730003,72.720001,71.790001,70.419998
,,,,,1969,72.449997,48.118999,71.139999,58.484001,60.965199,71.269997,70.464897,70.900002,71.980003,60.938999,68.739998,71.260002,72.730003,71.75,70.660004
,,,,,1970,72.650002,48.835999,70.809998,58.865002,62.650799,72.160004,70.704155,71.660004,72.07,61.368999,68.860001,72.239998,73.139999,72,70.919998
,,,,,1971,72.980003,49.554001,71.410004,59.250999,63.737358,72.129997,70.920242,71.910004,72.889999,61.835999,69.120003,71.849998,73.260002,72.32,71.239998
,,,,,1972,72.879997,50.280998,71.93,59.644001,63.118881,72.379997,71.144203,72.190002,73.419998,62.333,69.019997,73.059998,73.779999,72.099998,71.339996
,,,,,1973,73.110001,51.014999,72.139999,60.042,62.7808,72.540001,71.390862,72.129997,73.480003,62.851002,69,72.839996,74.080002,72.309998,71.540001
,,,,,1974,73.190002,51.75,71.889999,60.443001,62.499599,72.889999,71.692909,72.849998,73.910004,63.383999,68.989998,73.220001,74.43,72.510002,72.080002
,,,,,1975,73.489998,52.470001,72.839996,60.844002,62.698879,72.980003,71.538567,72.760002,74.410004,63.928001,68.349998,73.550003,74.82,72.779999,72.68
,,,,,1976,73.919998,53.159,72.879997,61.236,62.437359,73.220001,71.999985,73.110001,74.809998,64.473999,68.099998,73.870003,74.940002,72.760002,72.989998
,,,,,1977,74.209999,53.799999,73.489998,61.615002,63.967361,73.830002,72.610657,73.480003,75.379997,65.015999,67.970001,74.389999,75.389999,73.25,73.379997
,,,,,1978,74.540001,54.382999,73.879997,61.978001,64.244324,73.949997,72.584106,73.830002,75.699997,65.547997,68.010002,74.580002,75.339996,73.18,73.580002
,,,,,1979,74.900002,54.903,74.440002,62.327999,65.085358,74.260002,72.943237,74.160004,76.209999,66.065002,67.730003,75.120003,75.639999,73.290001,74.029999
,,,,,1980,75.139999,55.362999,74.599998,62.668999,66.122162,74.349998,73.116646,74.120003,76.190002,66.563004,67.699997,75.599998,75.639999,73.720001,73.93
,,,,,1981,75.550003,55.766998,74.959999,63.007999,66.44976,74.510002,73.353973,74.510002,76.599998,67.041,67.919998,75.739998,75.870003,74.059998,74.360001
,,,,,1982,75.760002,56.131001,74.739998,63.353001,67.587997,74.889999,73.656998,74.980003,77.110001,67.502998,68.379997,76.300003,76.209999,74.190002,74.650002
,,,,,1983,76.129997,56.470001,75.550003,63.709999,67.848,74.870003,73.935532,74.800003,77.139999,67.950996,68.150002,76.080002,76.220001,74.440002,74.709999
,,,,,1984,76.43,56.792,76.019997,64.081001,68.099998,75.370003,74.413895,75.559998,77.540001,68.387001,67.669998,76.459999,76.82,74.830002,74.809998
,,,,,1985,76.410004,57.102001,75.449997,64.466003,68.344002,75.470001,74.517555,75.669998,77.839996,68.811996,68.330002,76.419998,76.940002,74.68,74.790001
,,,,,1986,76.559998,57.400002,76.129997,64.862,68.581001,75.75,74.72496,76,78.260002,69.227997,69.949997,76.669998,77.110001,74.949997,74.870003
,,,,,1987,76.860001,57.687,76.32,65.264,68.809998,76.339996,75.122932,76.419998,78.669998,69.637001,69.959999,76.900002,77.410004,75.300003,75.010002
,,,,,1988,76.93,57.964001,76.349998,65.667,69.031998,76.57,75.295944,76.599998,78.580002,70.040001,69.809998,76.910004,77.43,75.410004,75.019997
,,,,,1989,77.199997,58.237999,76.449997,66.068001,69.248001,76.690002,75.478043,77,79.010002,70.440002,69.730003,76.980003,77.620003,75.550003,75.099998
,,,,,1990,77.43,58.959999,77.019997,68.410004,66.959999,77.160004,75.470001,77.019997,78.940002,71.510002,69.169998,77.120003,77.489998,75.720001,75.449997
,,,,,1991,77.610001,59.310001,77.389999,68.739998,67.230003,77.349998,75.709999,77.190002,79.139999,71.879997,68.959999,77.300003,77.639999,75.940002,75.599998
,,,,,1992,77.760002,59.650002,77.620003,68.910004,67.43,77.57,76,77.410004,79.290001,72.089996,67.75,77.519997,77.93,76.169998,75.75
,,,,,1993,77.82,60.02,77.889999,69.129997,67.669998,77.739998,76.169998,77.620003,79.459999,72.300003,65.129997,77.68,78.220001,76.300003,75.769997
,,,,,1994,77.93,60.380001,78.050003,69.379997,67.940002,77.949997,76.400002,77.849998,79.699997,72.620003,63.75,77.940002,78.449997,76.550003,75.830002
,,,,,1995,78.07,60.73,78.300003,69.660004,68.290001,78.120003,76.639999,78.120003,79.75,72.849998,64.339996,78.150002,78.529999,76.690002,75.959999
,,,,,1996,78.309998,61.029999,78.5,69.959999,68.620003,78.330002,76.889999,78.330002,80.169998,73.220001,65.629997,78.360001,78.980003,76.910004,76.290001
,,,,,1997,78.57,61.279999,78.800003,70.339996,68.919998,78.650002,77.18,78.690002,80.389999,73.459999,66.800003,78.699997,79.25,77.139999,76.669998
,,,,,1998,78.779999,61.610001,79.110001,70.669998,69.25,78.769997,77.449997,78.970001,80.550003,73.709999,67.089996,78.919998,79.510002,77.339996,76.800003
,,,,,1999,79.010002,61.939999,79.400002,70.980003,69.610001,78.919998,77.730003,79.269997,80.720001,74.129997,65.870003,79.110001,79.779999,77.529999,76.839996
,,,,,2000,79.260002,62.290001,79.709999,71.360001,69.940002,79.120003,78.019997,79.599998,81.029999,74.610001,65.279999,79.400002,79.970001,77.839996,76.959999
,,,,,2001,79.480003,62.619999,80.019997,71.760002,70.220001,79.349998,78.300003,79.93,81.309998,74.870003,65.279999,79.669998,80.209999,78.099998,77.040001
,,,,,2002,79.660004,63,80.239998,72.059998,70.519997,79.589996,78.519997,80.169998,81.559998,74.889999,65.129997,79.830002,80.400002,78.309998,77.169998
,,,,,2003,79.839996,63.400002,80.540001,72.330002,71.220001,79.769997,78.720001,80.269997,81.75,74.93,65.18,79.980003,80.620003,78.449997,77.32
,,,,,2004,80.050003,63.77,80.809998,72.620003,71.779999,80.150002,79.019997,80.720001,81.93,75.220001,65.459999,80.25,81.029999,78.82,77.540001
,,,,,2005,80.230003,64.160004,81.089996,72.93,72.260002,80.400002,79.25,80.910004,82.050003,75.209999,65.610001,80.480003,81.279999,79.099998,77.699997
,,,,,2006,80.480003,64.550003,81.269997,73.199997,72.879997,80.669998,79.489998,81.089996,82.239998,75.459999,66.849998,80.830002,81.480003,79.379997,77.949997
,,,,,2007,80.650002,64.93,81.43,73.459999,73.379997,80.910004,79.669998,81.269997,82.410004,75.660004,67.559998,81.07,81.690002,79.639999,78.169998
,,,,,2008,80.870003,65.32,81.580002,73.720001,73.599998,81.080002,79.830002,81.459999,82.57,75.440002,67.870003,81.360001,81.919998,79.879997,78.370003
,,,,,2009,81.120003,65.730003,81.790001,73.940002,74.120003,81.290001,79.970001,81.57,82.769997,75.349998,68.849998,81.68,82.059998,80.169998,78.599998
,,,,,2010,81.339996,66.120003,81.989998,74.150002,74.419998,81.480003,80.139999,81.779999,82.910004,75.440002,69.220001,81.970001,82.300003,80.389999,78.779999
,,,,,2011,81.529999,66.510002,82.150002,74.379997,74.870003,81.709999,80.32,81.919998,82.660004,75.720001,69.860001,82.18,82.540001,80.580002,78.870003
,,,,,2012,81.660004,66.910004,82.330002,74.639999,75.25,81.839996,80.480003,82.019997,83.230003,75.879997,70.449997,82.32,82.660004,80.68,78.940002
,,,,,2013,81.75,67.279999,82.529999,74.839996,75.519997,82.010002,80.57,82.239998,83.440002,75.790001,70.760002,82.629997,82.800003,80.769997,78.959999
,,,,,2014,81.790001,67.720001,82.580002,75.010002,75.68,82.220001,80.790001,82.290001,83.690002,75.900002,70.860001,82.839996,83.089996,80.82,78.940002
,,,,,2015,81.769997,68.099998,82.550003,75.139999,76.040001,82.269997,80.870003,82.330002,83.830002,76.190002,70.830002,82.910004,83.160004,80.860001,78.870003
,,,,,2016,81.849998,68.550003,82.519997,75.239998,76.360001,82.339996,80.93,82.339996,83.940002,76.379997,70.870003,82.970001,83.18,80.900002,78.860001